include/master-slave.inc
Warnings:
Note	####	Sending passwords in plain text without SSL/TLS is extremely insecure.
Note	####	Storing MySQL user name or password information in the master info repository is not secure and is therefore not recommended. Please consider using the USER and PASSWORD connection options for START SLAVE; see the 'START SLAVE Syntax' in the MySQL Manual for more information.
[connection master]
use test;
create table t1 (id int primary key, c1 int default 10, c2 varchar(20) default 'holiday') engine = innodb;
insert into t1 values(1, 12345, 'abcde'), (2, default, default), (3, 23456, 'xyzab');
set time_zone='+03:00';
set timestamp = 1;
alter table t1 add column d1 timestamp not null default current_timestamp;
select * from t1;
id	c1	c2	d1
1	12345	abcde	1970-01-01 03:00:01
2	10	holiday	1970-01-01 03:00:01
3	23456	xyzab	1970-01-01 03:00:01
set time_zone='+03:00';
select * from t1;
id	c1	c2	d1
1	12345	abcde	1970-01-01 03:00:01
2	10	holiday	1970-01-01 03:00:01
3	23456	xyzab	1970-01-01 03:00:01
alter table t1 add column d2 timestamp not null default current_timestamp, ALGORITHM=copy;
select * from t1;
id	c1	c2	d1	d2
1	12345	abcde	1970-01-01 03:00:01	1970-01-01 03:00:01
2	10	holiday	1970-01-01 03:00:01	1970-01-01 03:00:01
3	23456	xyzab	1970-01-01 03:00:01	1970-01-01 03:00:01
drop table t1;
create table t4 (id int primary key, c2 int);
insert into t4 values(1,1),(2,2),(3,3);
set timestamp = 1000;
alter table t4 add column (c3 datetime not null default current_timestamp(), c4 timestamp not null default current_timestamp());
select * from t4 as t4_on_master;
id	c2	c3	c4
1	1	1970-01-01 03:16:40	1970-01-01 03:16:40
2	2	1970-01-01 03:16:40	1970-01-01 03:16:40
3	3	1970-01-01 03:16:40	1970-01-01 03:16:40
"sync_slave_with_master"
select * from t4 as t4_on_slave;
id	c2	c3	c4
1	1	1970-01-01 03:16:40	1970-01-01 03:16:40
2	2	1970-01-01 03:16:40	1970-01-01 03:16:40
3	3	1970-01-01 03:16:40	1970-01-01 03:16:40
drop table t4;
include/rpl_end.inc
