set default_storage_engine=innodb;
create table t(j json compressed, c varchar(20));
show create table t;
Table	Create Table
t	CREATE TABLE `t` (
  `j` json DEFAULT NULL /*!9930x COMPRESSED */,
  `c` varchar(20) DEFAULT NULL
) ENGINE=InnoDB DEFAULT CHARSET=latin1
insert into t values (cast('[1,2,3]' as json), '[a,b,c]');
insert into t values (cast(7 as json), '7'),  (cast(2 as json), '2');
insert into t values (cast(7 as json), '7'),  (cast(2 as json), '2');
select group_concat(j), group_concat(distinct j), group_concat(c) from t;
group_concat(j)	group_concat(distinct j)	group_concat(c)
[1, 2, 3],7,2,7,2	[1, 2, 3],2,7	[a,b,c],7,2,7,2
select group_concat(j order by j), group_concat(distinct j order by j), group_concat(c order by c) from t;
group_concat(j order by j)	group_concat(distinct j order by j)	group_concat(c order by c)
[1, 2, 3],2,2,7,7	[1, 2, 3],2,7	2,2,7,7,[a,b,c]
insert into t values (NULL, NULL);
select group_concat(j), group_concat(distinct j), group_concat(c) from t;
group_concat(j)	group_concat(distinct j)	group_concat(c)
[1, 2, 3],7,2,7,2	,,	[a,b,c],7,2,7,2
drop table t;
